Title,ISBN,Price,Author,Publisher,Publication time,Place of Publication,Pages,Classification Number,总借入,总续借,总借入和续借量,平均借阅时间(天),Classification
(PMC)The Trial,9780241197790,35.0,"Kafka, Franz",Penguin UK,2019-08-06,英国,,833.91,1,0,1,3.56,Literature
1844年经济学哲学手搞,9787010130033,48.0,马克思著,人民出版社,2016.10   ,北京,325页     ,A811.21,1,0,1,6.81,General / Misc
1Q84.BOOK1,9787544292894,49.6,(日)村上春树著,南海出版公司,2018.06   ,海口,392页     ,I313.45,0,0,0,,Literature
3年人类迁徙史,9787218155913,118.0,(英) 科恩著,广州 广东人民出版社 2023,2023,广州,251,C922.1,1,0,1,,General / Misc
5分钟怪诞数学 : 那些看似不可能的生活真相,9787572208522,48.0,(德)克里斯蒂安·黑塞,浙江教育出版社,2021,杭州,205页,O1-49,1,0,1,,Science
A Farewell to Arms: The Special Edition,9780099582564,28.0,Ernest Hemingway,Random House UK,2020-02-26,英国,,813.52,0,0,0,,Literature
A Tale of Two Cities,9780785839835,42.0,Charles Dickens,Chartwell Books,2021-10-19,英国,,823.8,1,0,1,3.02,Literature
A glossary of literary terms,9781285465067,375.0,"Abrams, M. H. (Meyer Howard), 1912-; Harpham, Geoffrey Galt, 1946-",Cengage Learning,2015,USA,430,803,1,0,1,,Literature
ALMA Junior Classics:The Canterville Ghost and Other Stories(Secondary-school 12+),9781847496126,36.0,"Wilde, Oscar",Alma Books,2016-12-01,英国,,428.6,1,1,2,,Language
Advice for a Young Investigator,9780262681506,87.0,Ramon y Cajal,MIT Press,1999-01-01,美国,,507.2,1,0,1,,Science
Alexander Hamilton,9780143034759,145.0,"Chernow, Ron",,,,,973.40,0,0,0,,Social Sciences
All The Light We Cannot See,9781501173219,68.0,Anthony Doerr,Scribner Book,2017-04-04,美国,,813.6,1,0,1,,Literature
All the bright places,9780385755917,70.0,"Niven, Jennifer",Ember,2015,New York,388,813.6,0,0,0,,Literature
Alma Classics: Sense and Sensibility,9781847494849,23.0,Austen Jane,Alma Books,2015-07-15,英国,,823.7,1,0,1,32.97,Literature
Amusing Ourselves to Death[娱乐至死],9780143036531,94.0,"Postman, Neil[尼尔·波兹曼]",PENGUIN GROUP,2006      ,NEW YORK,184页     ,302.234,1,0,1,40.66,Social Sciences
Art : the definitive visual history,9780241629031,181.0,DK,,,,,709,1,0,1,,Arts
Art Song in English: High Voice: 50 Songs by 21 American and British Composers,9781423418313,400.0,"Kimball, Carol",Boosey &amp; Hawkes Inc,2007-01-01,,192 页,780,1,0,1,,Arts
Bantam Classics：Jane Eyre,9780553211405,13.0,Charlotte Bronte,Bantam Classics,1983-09-01,美国,,823.8,1,0,1,24.62,Literature
Bantam Classics：King Lear,9780553212976,13.0,William Shakespeare,Bantam Classics,1988-01-01,美国,,822.33,1,0,1,24.62,Literature
Bantam Classics：The Three Musketeers,9780553213379,19.0,Alexandre Dumas,Bantam Classics,1984-06-01,美国,,843.7,0,0,0,,Literature
Bantam Classics：Wuthering Heights,9780553212587,10.0,Emily Bronte,Bantam Classics,1983-10-01,美国,,823.8,1,1,2,61.02,Literature
Biology for the IB Diploma,9780198393511,225.0,Andrew Allott,[出版者不详],2014      ,[出版地不,202页     ,IB-4-BI-2,1,0,1,,Science
Biology for the IB Diploma Exam Preparation Guide,9781107495685,275.0,Brenda Walpole,,          ,,248页     ,IB-4-BI-2,0,0,0,,Science
Biology for the IB Diploma Study and Revision Guide,9781471899706,203.0,Andrew Davis C.J.Clegg,Hodder Education,2017      ,UK.,320p.     ,IB-4-BI-2,1,0,1,,Science
Biology for the IB Diploma Workbook with CD-ROM,9781316646090,194.0,"Broderick, Matthew",Cambridge University Press,2017-08-31,,218,IB-4-BI-2,1,0,1,,Science
"Book of Laughter and Forgetting, The",9780571174379,51.0,Milan Kundera,Faber and Faber,1996-05-20,英国,,891.86,1,0,1,18.06,Literature
Born a crime : stories from a South African childhood,9780399588198,120.0,"Noah, Trevor, 1984-",Karl Blessing Verlag GmbH,2016,New York,288,791.450,1,1,2,82.01,Arts
Botero,9783836548823,110.0,"Hanstein, Mariana",Taschen,2017-10-31,,96,700,1,0,1,6.07,Arts
Cambridge International AS &amp; A Level Further Mathematics Worked Solutions Manual with Cambridge Elevate Edition,9781108770187,306.0,"McKelvey, Lee; Crozier, Martin; James, Muriel",Cambridge University Press,2020-06-04,UK,252,AL-5-M-1,1,0,1,,General / Misc
Chemistry for the IB Diploma Exam Preparation Guide,9781107495807,268.0,"Steve Owen,Chris Martin",Cambridge University Pre,2016      ,UK.,248p.     ,IB-4-CH-3,0,0,0,,Science
Chemistry for the Ib Diploma Workbook With CD-ROM,9781316634950,181.0,"Paris, Jacqueline",Cambridge University Press,,,0,IB-4-CH-3,0,0,0,,Science
Circe,9780316556323,88.0,"Miller, Madeline",Back Bay Books,2020-04-14,New York,393,813.6,0,0,0,,Literature
Comparative Literature: A Very Short Introduction,9780198807278,48.0,Ben Hutchinson,Oxford University Press UK,2018-05-22,英国,,809,1,0,1,7.26,Literature
DISAPPEARED,9781338312829,42.0,Francisco X. Stork,Arthur A.Levine Book,2019-10-01,美国,,813.6,0,0,0,,Literature
Dadaism,9783836505628,87.0,"Elger, Dietmar",TASCHEN,2016-01-15,德国,,709.04,1,0,1,31.15,Arts
Dopamine Nation: Finding Balance in the Age of Indulgence,9781524746728,105.0,Anna Lembke,Dutton Books,2021-08-24,美国,,152.42,1,0,1,161.0,General / Misc
Dreams of a Final Theory: The Scientists Search for the Ultimate Laws of Nature,9780679744085,79.0,Steven Weinberg,Vintage USA,1994-02-01,美国,,530,1,0,1,,Science
Dry,9781481481977,65.0,"Shusterman, Neal; Shusterman, Jarrod",Simon & Schuster,2018,New York,390,813.54,0,0,0,,Literature
Dubliners,9781847496317,32.0,James Joyce,ALMA BOOKS,2017-06-22,英国,,823.91,1,0,1,18.08,Literature
Duchamp,9783836534321,110.0,"Mink, Janis",Taschen,2017-01-11,,96,700,1,0,1,31.15,Arts
Dune,9780340960196,51.0,Frank Herbert,Hodder,2015-07-16,英国,,813.54,1,0,1,5.73,Literature
Economics 22 Edition,9781382004961,407.0,"Blink, Jocelyn",Oxford,,UK,540,IB-3-EB-7,0,0,0,,Social Sciences
Economics for the IB diploma. Coursebook,9781108847063,353.0,"Tragakes, Ellie",Cambridge University Press,2020,USA,679,IB-3-EB-8,2,1,3,,Social Sciences
Environment Systems and Societies 3rd Ed,9781292729541,567.0,"Davis, Andrew",Pearson,2024,London,928,IB-4-SC-1,1,0,1,189.0,Science
Exam Practice Workbook for Mathematics Analysis and Approaches HL,9781398321878,169.0,"Paul Fannon, Vesna Kadelburg, Stephen Ward",Hodder Education,2021-02-26,UK,224,IB-5-M-1,1,0,1,,Mathematics
Exam Practice Workbook for Mathematics Applications and Interpretation,9781398321885,169.0,"Fannon, Paul; Kadelburg, Vesna; Ward, Stephen",Hodder Education,2021-05-04,UK,248,IB-5-M-1,0,0,0,,Mathematics
Five Survive,9780593704899,51.0,"Jackson, Holly",Delacorte Press,2022-11-29,,0,823.92,0,0,0,,Literature
Five feet apart,9781534437333,94.0,"Lippincott, Rachael; Daughtry, Mikki; Iaconis, Tobias, 1971-",Simon & Schuster,,New York,281,813.6,0,0,0,,Literature
Folger Shakespeare Library：The Merchant of Venice,9780743477567,27.0,William Shakespeare,Square Peg,2004-01-01,美国,,822.33,1,1,2,,Literature
Frankenstein: The 1818 Text,9780143131847,39.0,Mary Shelley,Penguin USA,2018-01-16,美国,,823.7,0,0,0,,Literature
Further Mathematics further mechanics,9781510421806,238.0,"Jean-Paul Muscat, Sophie Goldie",Hodder,2018.03,英国,195,AL-5-M-1,1,0,1,,General / Misc
Further Mathematics further prob and stats,9781510421813,238.0,John du Feu,Hodder,2018.03,英国,,AL-5-M-5,1,0,1,,General / Misc
GAUGUIN,9783836532235,87.0,Ingo F. Walther,TASCHEN,2017-11-19,德国,,759.4,1,0,1,,Arts
Game theory : a very short introduction,9780199218462,32.0, Binmore,,,,,519.3,1,0,1,,Science
Getting Lost,9781913097004,61.0,Annie Ernaux,Fitzcarraldo Editions,2022-09-21,英国,,813.6,2,0,2,85.92,Literature
Good Omens,9780552176453,47.0,Neil Gaiman,Yearling Books,2019-04-09,英国,,823.914,0,0,0,,Literature
Great Expectations,9781847493811,32.0,"Dickens, Charles",ALMA BOOKS,2014-10-15,英国,,823.8,2,0,2,42.39,Literature
How to write about contemporary art,9780500291573,104.0,"Williams, Gilda",Thames & Hudson,2021,New York,264,808.066,1,0,1,,Literature
IB Biology Student Workbook,9781927173930,360.0,,Biozone International Lt,2014      ,,450p.     ,IB-4-BI-2,1,0,1,,Science
IBDP中文A文学课程专题拓展论文及个人口头评论优秀范例点评,9789620441417,128.0,"苏媛,李萍著",三联书店(香港)有限公司,2018      ,香港,249页     ,IB-1-CH-1,3,0,3,70.44,Literature
IBDP中文A文学课程试卷(1)7分范文点评,9789620437946,0.0,李萍,三联书店(香港)有限公司,2015      ,香港,246页     ,IB-1-CH-1,1,0,1,14.31,Literature
IBDP中文A课程文学知识小辞典（简体版）,9789620443329,145.0,李萍；彭振；苏媛,三联书店（香港）有限公司,2023年8月,香港,,IB-1-CH-1,1,0,1,,Literature
IB中文A文学个人口试实例,9789811866760,103.0,贺一凡、解斐斐,  中華書局(新加坡), 2023-03-01,香港,155,IB-1-CH-1,1,0,1,108.71,Literature
INTRODUCTION TO TOPOLOGY,9780486663524,60.0,,DOVER,          ,USA,206页     ,IB-5-M-4,1,0,1,103.32,Mathematics
If on a Winters Night a Traveler,9780156439619,45.0,Italo Calvino,Mariner Books,1982-10-20,美国,,853.91,0,0,0,,Literature
Intermediate Counting & Probability,9781934124062,389.0,David Patrick,David Patrick,2007      ,U.S,386p.     ,IB-5-M-1,1,0,1,,Mathematics
Just Six Numbers: The Deep Forces That Shape the Universe,9780465036738,65.0,Martin Rees,Basic Books,2001-05-03,美国,,523.18,1,0,1,,Science
Knowledge: A Very Short Introduction,9780199661268,38.0,"Nagel, Jennifer",Oxford University Press UK,2014-09-25,英国,,121,1,0,1,,General / Misc
Languages: A Very Short Introduction,9780199590599,48.0,"Anderson, Stephen",Oxford University Press,2012-06-28,英国,,410,1,0,1,,Language
Lichtenstein,9783836532075,110.0,"Hendrickson, Janis",Taschen,2019-05-07,,96,700,1,0,1,31.15,Arts
Line By Line: How To Edit Your Own Writing,9780395393918,77.0,Claire Kehrwald Cook,Houghton Mifflin Harcourt,1986-06-30,美国,,808.04,3,1,4,33.56,Literature
Lolly Willowes,9780241573785,47.0,Sylvia Townsend Warner,Penguin UK,2022-08-25,英国,,823.91,1,0,1,126.03,Literature
MATHEMATICS-HL&SL for the IB Diploma,9787547827260,150.0,Wu Bin,上海科学技术出版社,          ,上海,187页     ,IB-5-M-1,1,0,1,,Mathematics
"Mathematics HL(Option):Discrete Mathematics(HL Topic 1,FM Topic 6)",9781921972348,236.0,Catherine Quinn,[出版者不详],2014      ,[出版地不,240页     ,IB-5-M-1,0,0,0,,Mathematics
Mathematics: Analysis and Approaches HL,9781925489590,387.0,Michael Haese,,,,,IB-5-M-1,0,1,1,,Mathematics
Mathematics: Core Topics HL,9781925489583,346.0,Michael Haese,,,,,IB-5-M-1,0,0,0,,Mathematics
Moonrise,9781408867815,26.0,"Crossan, Sarah",Bloomsbury UK,2018-07-12,英国,,813.6,0,0,0,,Literature
Never Let Me Go,9780307276476,31.0,Kazuo Ishiguro,Vintage USA,2006-01-09,美国,,823.914,2,0,2,129.81,Literature
Nine Lives,9780571358564,48.0,Peter Swanson,Faber and Faber,2022-03-03,英国,,813.6,0,0,0,,Literature
No Country for Old Men,9780375706677,75.0,"Carthy, Cormac Mc",Random House US,2006,USA,309,813.54,0,0,0,,Literature
Normal people : a novel,9781984822185,26.0,"Rooney, Sally; Baardman, Gerda",Hogarth,2020,USA,287,823.92,1,1,2,,Literature
Northanger Abbey,9780099589297,43.0,"Austen, Jane, 1775-1817; Butler, Marilyn",Random House,2014,London,286,823.7,1,0,1,,Literature
Notes from Underground and the Double,9780140455120,41.0,Fyodor Dostoyevsky,Penguin UK,2016-01-08,英国,,891.73,1,0,1,,Literature
Numerical Methods for Scientists and Engineers,9780486652412,126.0,,DOVER,          ,USA,721页     ,IB-5-M-4,0,0,0,,Mathematics
Orlando,9780241371961,55.0,"Woolf, Virginia",Penguin Books Ltd,2019-03-07,,336,823.912,2,0,2,46.12,Literature
Out Of My Mind,9781416971719,38.0,Sharon M.Draper,Atria Books,2012-05-01,美国,,813.6,0,0,0,,Literature
Outliers : the story of success,9780141036250,82.5,"Gladwell, Malcolm, 1963-",Penguin,,UK,309,302,1,0,1,,Social Sciences
"Oxford IB Diploma Programme: IB Mathematics: analysis and approaches, Higher Level, Print and Enhanced Online Course Book Pack",9780198427179,570.0,Jennifer Chang Wathall,,,,,IB-5-M-1,0,0,0,,Mathematics
Oxford Resources for IB DP Environmental Systems and Societies: Course Book,9781382044011,468.0,Williams,"Oxford University Press, USA",2024-02-29,,792 页,IB-4-SC-1,1,0,1,65.29,Science
Revision Guide Edexcel International GCSE Chemistry Edexcel Certificate in Chemistry,9780435046729,71.0,Cliff Curtis,[出版者不详],2011      ,[出版地不,123页     ,IB-4-CH-3,0,0,0,,Science
Rockwell,9783836532044,110.0,"Marling, Karal Ann",Taschen,2017-06-20,,96,700,1,0,1,6.07,Arts
Sex And The City,9780446617680,35.0,Candace Bushnell,Grand Central Publishing,2006-08-01,美国,,813.6,1,1,2,31.64,Literature
Siddhartha,9780553208849,25.0,"Hesse, Hermann",Bantam,,Toronto ; New York :,152,833.912,3,0,3,112.19,Literature
Signet Classics: Black Beauty,9780451531742,13.0,Anna Sewell,Signet,2011-01-04,美国,,823.8,1,0,1,46.65,Literature
Signet Classics: Jane Eyre,9780451530912,13.0,Charlotte Bronte,Signet,2008-04-01,美国,,823.8,2,0,2,42.39,Literature
Simply psychology,9780241515679,90.0," Eysenck, Michael W",,,,,150,1,0,1,65.05,General / Misc
Sophie’s World,9780374530716,66.0,Jostein Gaarder,Macmillan US,2007-03-20,美国,,839.82374,0,0,0,,Literature
Strangers Drowning,9781846143991,59.0,Larissa MacFarquhar,penguin uk,2016-09-29,英国,,170,1,0,1,114.99,General / Misc
"Surely You’re Joking,Mr. Feynman!",9780393355628,84.0,Richard P. Feynman,W. W. Norton & Company,2018-02-06,美国,,530.092,0,0,0,,Science
The American pageant,9789814732345,402.0,"Bailey, Thomas Andrew, 1902-1983; Cohen, Lizabeth; Kennedy, David M.",Cengage,,Singapore,1012,IB-3-H-3,0,0,0,,Social Sciences
The Baron in the Trees,9780544959118,49.0,Italo Calvino,Mariner Books,2017-10-03,美国,,853.91,0,0,0,,Literature
The Bell Jar,9780061148514,83.0,"Plath, Sylvia",Harper Perennial,2013-06-11,New York,243,813.54,0,0,0,,Literature
The Brass Verdict,9781409155768,47.0,Michael Connelly,Orion Publishing Group,2014-11-06,英国,,813.54,0,0,0,,Literature
The Complete Yes Prime Minister: The Diaries of ...,9780563207733,110.0,Jonathan Lynn and Sir Anthony Jay,Ebury Publishing,1989-06-01,,512,823.914,1,0,1,,Literature
The Great Gatsby,9780743273565,68.0,F. Scott Fitzgerald,SIMON & SCHUSTER,2004-10-01,New York,180,813.52,0,0,0,,Literature
The Hitchhikers Guide to the Galaxy,9781529034523,51.0,Douglas Adams,Macmillan UK,2020-03-05,英国,,823.914,1,0,1,18.06,Literature
The Martian : a novel,9781785031137,75.0,"Weir, Andy",Penguin,2014,UK,369,813.6,1,0,1,0.01,Literature
The Masque of the Red Death,9780241573754,47.0,Edgar Allan Poe,Penguin UK,2022-08-25,英国,,813.3,1,1,2,82.01,Literature
The Meritocracy Trap,9780141984742,58.0,Daniel Markovits,penguin uk,2020-08-06,英国,,305.55,1,0,1,,Social Sciences
The Notebooks of Malte Laurids Brigge,9780141182216,41.0,Rainer Maria Rilke,penguin uk,2004-07-29,英国,,833.91,1,0,1,,Literature
The Pearl,9780141394909,35.0,John Steinbeck,Penguin UK,2015-02-03,英国,,813.52,0,0,0,,Literature
The Picture of Dorian Gray,9780785839972,42.0,Oscar Wilde,Chartwell Books,2021-10-19,英国,,823.8,2,0,2,112.06,Literature
The Picture of Dorian Gray (Wordsworth Classics),9781853260155,32.0,Oscar Wilde,Wordsworth,1992-05-05,英国,,823.8,1,0,1,26.95,Literature
The Sound and the Fury,9780099475019,28.0,William Faulkner,Random House UK,2009-05-07,英国,,813.52,1,0,1,,Literature
The Thing about Jellyfish,9780316380843,86.0,Ali Benjamin,"Little, Brown Books for Young Readers",2017.4,New York,,813.6,0,0,0,,Literature
The Wiley guide to writing essays about literature,9781118571231,289.0,"Headrick, Paul, 1957-",Wiley,2014,Canada,193,808.0668,1,0,1,,Literature
The fellowship of the ring : being the first part of The lord of the rings,9780261103573,26.0,"Tolkien, J. R. R.",,,,407,823.912,1,0,1,0.98,Literature
The laws of thermodynamics : a very short introduction,9780199572199,66.0,"Atkins, P. W. (Peter William), 1940-",Oxford University Press,103,New York,103,536.7,0,0,0,,Science
The return of the king : being the third part of The lord of the rings,9780007488346,21.0,"Tolkien, J. R. R. (John Ronald Reuel), 1892-1973",HarperCollins,2002,London,1567,823.912,1,0,1,0.98,Literature
The three Theban plays,9780140444254,62.0,"Sophocles; Fagles, Robert; Knox, Bernard, 1914-2010",penguin uk,,UK,430,882.01,1,0,1,1.7,Literature
The time keeper,9780751541182,75.0,"Albom, Mitch 1958-",Sphere,2013,UK,238,813.6,1,0,1,,Literature
The two towers; : being the second part of The Lord of the rings,9780007488322,21.0,"Tolkien, J. R. R. (John Ronald Reuel), 1892-1973",HarperCollins,2002,London,971,823.912,1,0,1,0.98,Literature
The woman in white,9780141389431,35.0,"Collins, Wilkie, 1824-1889; Sutherland, John, 1938-; Sweet, Matthew; Sucksmith, Harvey Peter",Penguin UK,2012,UK,718,823.8,4,1,5,45.23,Literature
TheDiaryofaYoungGirl,9780553577129,31.0,Anne Frank,Bantam,1997-03-01,美国,,940.534,0,0,0,,Social Sciences
"Thinking, fast and slow",9780141033570,55.0,"Kahneman, Daniel, 1934-; Kahneman, Daniel, 1934-",Penguin UK,2012,UK,499,153.42,0,0,0,,General / Misc
To Be A Machine,9781101911594,53.0,Mark OConnell,Anchor Books,2018-01-16,美国,,306.46,1,0,1,40.66,Social Sciences
Vanity fair,9780008324209,32.0,"Thackeray, William Makepeace, 1811-1863; Dames, Nicholas, 1970-; Stewart, J. I. M. 1906-1994; Ridley, M. R. 1890-1969",Harper Collins UK,2018,UK,918,823.8,1,0,1,0.98,Literature
WESTERN CIVILIZATION:SECOND EDITION,395870682,12.0,,[出版者不详],          ,[出版地不,656页     ,IB-3-AS-1,0,0,0,,Social Sciences
Where the crawdads sing,9781472154668,75.0,"Owens, Delia",Corsair,2018,UK,370,813.6,1,0,1,161.01,Literature
Word Cloud Classics: Frankenstein,9781607109457,61.0,Mary Shelley,Canterbury Classics,2013-10-15,美国,,823.7,0,0,0,,Literature
Wordsworth Collectors Editions：Great Expectations,9781840228014,38.0,Charles Dickens,Wordsworth,2020-09-02,英国,,823.8,2,1,3,94.59,Literature
Workbook Mathematics HL,9789881686862,218.0,Tim Lee,Cana Academy Limited,2013      ,H.K,149p.     ,IB-5-M-1,1,0,1,,Mathematics
You Are Not Alone,9781529010770,35.0,"Greer Hendricks , Sarah Pekkanen",Pan Macmillan,2021-02-02,英国,,813.6,0,0,0,,Literature
cambridge as & a level further math 1 student's book,9781510421783,238.0,"Sophie Goldie, Rose Jewell",Hodder,2018.03,英国,198,AL-5-M-1,1,0,1,,General / Misc
cambridge as & a level further math 2 student's book,9781510421790,238.0,"Rose Jewell, Jean-Paul Muscat",Hodder,2018.03,英国,198,AL-5-M-1,1,0,1,,General / Misc
physics for the IB diploma exam preparation guide,9781107495753,260.0,K.Asokos,Cambridge University Pre,2016      ,New York,271p.     ,IB-4-PH-5,0,0,0,,Science
“文学爆炸”亲历记,9787020164462,36.0,(智)多诺索著,人民文学出版社,2021,北京,"10,172页",I784.55,1,0,1,13.93,Literature
“错误”的行为,9787508684512,69.0,(美)塞勒著,中信出版集团股份有限公司, 2018,北京 ,"31,417页 ",F069.9-49,2,0,2,42.99,Social Sciences
一个人暖呼呼,9787550289215,49.9,（日）高木直子著,北京联合出版公司,2016,北京,173页,J238.2,1,1,2,57.85,Arts
一个人的美食跑跑跑,9787535666031,45.0,(日)高木直子编,湖南美术出版社,2013（2018重印）,长沙,169页,J238.2,1,0,1,,Arts
一个女人的故事,9787208178311,38.0,"(法)埃尔诺 (Ernaux, Anne 1940~) 著",上海人民出版社,2022,上海,79页,I565.45,1,0,1,7.08,Literature
一句顶一万句,9787536097261,68.0,刘震云 著,花城出版社,2022,广州,620页；彩照,I247.5,1,0,1,64.64,Literature
一战史 ,9787301297995,98.0,"(英)基根 (Keegan, John 1934~2012) 著", 北京大学出版社, 2018,北京 ,429页 : 图，照片 ,K143,1,1,2,73.03,Social Sciences
一本小小的逻辑书,9787522903019,55.0,杨波著,中国纺织出版社有限公司,2023,北京,208页,B81-49,0,0,0,,General / Misc
一桩事先张扬的凶杀案,9787544292467,39.5,(哥伦)马尔克斯著,南海出版公司,2018.8,,140,I775.45,1,0,1,5.97,Literature
三四郎,9787532773725,59.0,（日）夏目漱石著,上海译文出版社,2017,上海,261页,I313.45,1,0,1,,Literature
不会吧，真有人研究这个 ,9787559646224,60.0,(法)克罗著, 北京联合出版公司, 2021,北京 ,"11,240页 ",Z228,0,0,0,,General / Misc
不能承受的生命之轻,9787532766635,88.0,昆德拉著,上海译文出版社,2014.08   ,上海,427页     ,I565.45,2,0,2,133.09,Literature
与社会学同游 ,9787301247099,33.0,(美)伯格著, 北京大学出版社, 2014,北京 ,"27,241页 : 照片 ",C91,1,0,1,,General / Misc
东京百景,9787532782925,58.0,（日）又吉直树著,上海译文出版社有限公司,2020,上海,274页,I313.65,1,0,1,,Literature
东方快车谋杀案,9787513335270,49.0,(英)克里斯蒂,新星出版社,2019,北京,279页,I561.45,2,0,2,23.45,Literature
中国古典名著百部·传世方术卷：阴符经 握奇经 皇帝宅经 龟策列传 灵棋经 诸葛神薮 推背图 奇门遁甲 梅花易,9787512006881,198.0,马松源编,线装书局,2012.12   ,北京,442页     ,Z121.7,1,0,1,,General / Misc
中国哲学简史,9787301215692,49.0,冯友兰著,北京大学出版社,2013.05   ,北京,325页     ,B2,1,0,1,0.01,General / Misc
乌合之众,9787532781089,35.0,(法)勒庞著,上海译文出版社有限公司,2019,上海,"16,202页",C912.64,1,0,1,,General / Misc
九三年 ,9787505729117,68.0,"(法)雨果 (Hugo, Victor 1802~1885) 著", 中国友谊出版公司, 2012,北京 ,407页 ,I565.44,1,0,1,60.88,Literature
云雀叫了一整天 ,9787542668974,66.0,木心 (1927-2011) 著, 上海三联书店, 2020,上海 ,245页 : 照片 ,I227,0,0,0,,Literature
人世的真相,9787569520767,69.0,（英）毛姆著,陕西师范大学出版总社,2021,西安,316页,I561.45,1,0,1,24.42,Literature
人力资源规划操作指南：规划概述+实用图表+流程架构+操作方案,9787115565648,79.0,乔继玉主编,人民邮电出版社,2021,北京,268,F243,1,0,1,9.99,Social Sciences
人工智能基础实验教程,9787113293208,49.8,潘理虎著,中国铁道出版社有限公司,2022,北京,305页,TP18-33,1,1,2,69.66,Science
人性的枷锁 ,9787210082903,68.0,"(英)毛姆 (Maugham, William Somerset 1874~1965) 著", 江西人民出版社, 2016,南昌 ,"10,645页 ",I561.45,1,0,1,13.14,Literature
从“童怀周”到审江青,9787515304717,31.0,汪文风著,中国青年出版社,2012,北京,236页,D652,1,1,2,73.01,Social Sciences
从俾斯麦到希特勒,9787544758765,42.0,（德）哈夫纳著,译林出版社,2016,南京,252页,K516.42,1,0,1,28.78,Social Sciences
从夸克到宇宙 ,9787559656599,128.0,(美)林肯著,北京联合出版公司,2022,北京,566页,O572.2-49,2,0,2,22.37,Science
优势谈判心理学,9787540266509,38.0,张维维著,北京燕山出版社有限公司 ,2023,北京,210,C912.3-49,0,0,0,,General / Misc
伦理学 ,9787108050519,28.0,"(英)罗宾逊 (Robinson, Dave) 文", 生活·读书·新知三联书店, 2016,北京 ,178页 : 图 ,B82,1,0,1,21.62,General / Misc
低欲望社会,9787532779529,58.0,（日）大前研一著,上海译文出版社有限公司,2018,上海,237页,C924.313,1,0,1,,General / Misc
佛系,9787559414311,39.8,(日)草薙龙瞬著,江苏凤凰文艺出版社,2018.03   ,南京,277页     ,I313.65,1,0,1,38.83,Literature
你喜欢莫扎特吗,9787559472397,78.0,留声机著,江苏凤凰文艺出版社,2023,南京,285页,J605.52,0,0,0,,Arts
佩德罗·巴拉莫,9787544784269,48.0,"(墨)胡安·鲁尔福(Rulfo, Juan)",译林出版社 ,2021,南京 ,191页 ,I731.45,0,0,0,,Literature
倾城之恋,9787530218624,49.5,张爱玲著,北京十月文艺出版社,2019,北京,328 ,I246.7,1,0,1,129.93,Literature
做哲学,9787559617293,118.0,"(美)小西奥多·希克,刘易斯·沃恩著",北京联合出版社,2018.04   ,北京,648页     ,B0,1,0,1,,General / Misc
克里姆特：变形的真实,9787559637222,98.0,(法)西尔维·吉拉尔-拉戈斯 著, 北京联合出版公司, 2019,北京 ,112页 ,J205.521,1,0,1,8.26,Arts
刀锋,9787547744581,76.0,(英)毛姆著,北京日报出版社,2023,北京,472页,I561.45,2,0,2,85.84,Literature
制造东京,9787521733266,79.0,(日)藤森照信 (1946~) 著,中信出版社,2021,北京,385页 : 图版,TU-093.131,2,0,2,1.87,Science
制造宠物,9787545219531,78.0,（美）段义孚著,上海光启书局有限公司,2022,上海,"10,300页",S865.3-091,1,1,2,71.0,General / Misc
剑桥艺术史·上,9787544792028,249.0,(美)伍德福德著,译林出版社,2023,南京,2册(499;436页),J110.9,1,0,1,17.99,Arts
剪辑的语法 :插图修订第2版,9787550297746,45.0,（英）罗伊·汤普森著 ,北京联合出版公司 ,2017.3,北京 ,"10,193页 ",J932,2,0,2,74.1,Arts
动物凶猛,9787530213636,35.0,王朔著,北京十月文艺出版社,2015.03   ,北京,302页     ,I247.5,1,0,1,,Literature
助推：如何做出有关健康、财富与幸福的最佳决策,9787508684918,59.0,"(美)泰勒 (Thaler, Richard H. 1945~) 著", 中信出版集团股份有限公司, 2018,北京 ,"23,330页 : 图 ",F0-49,2,0,2,42.99,Social Sciences
北宋名家词选讲 ,9787301114926,68.0,(加)叶嘉莹 (女， 1924.6~) 著, 北京大学出版社, 2007,北京 ,383页 ,I207.23,1,0,1,56.0,Literature
博弈与社会,9787301218211,68.0,张维迎著,北京大学出版社,2013,北京,,F224.32,2,0,2,52.48,Social Sciences
厌女,9787545219753,66.0,（日）上野千鹤子著,上海光启书局有限公司,2023,上海,317页,G131.3,1,0,1,,General / Misc
厌女简史 ：世界上最古老的偏见,9787559676016,68.0,（爱尔兰）杰克.霍兰 著,北京联合出版公司 ,2024,北京 ,350页 ,C913.68,2,1,3,48.96,General / Misc
双城记,9787516824689,49.8,（英）狄更斯著, 台海出版社 ,2020,北京,277页,I561.44,0,0,0,,Literature
反抗者,9787532777280,58.0,(法)加缪著　沈志明译,上海译文出版社有限公司,2018,上海,425,I565.65,1,0,1,,Literature
发现本草之旅. 壹 ,9787506791489,49.0,丁兆平 (196?~) 著, 中国医药科技出版社, 2017,北京 ,"10,377页 : 彩图 ",R282.7,0,0,0,,General / Misc
受戒,9787530211458,36.0,汪曾祺著,北京十月文艺出版社,2012,北京,,I247.7,2,0,2,0.0,Literature
变革之声,9787559665010,128.0,焦亚著,北京联合出版公司,2022,北京,568页,J609.1,0,0,0,,Arts
古代法 ,9787100132183,37.0,"(英)梅因 (Maine, Henry Sumner 1822~1888) 著", 商务印书馆, 2017,北京 ,"17,255页 ",D909.9,0,0,0,,Social Sciences
古董局中局.1,9787540486075,45.0,马伯庸著,湖南文艺出版社,2018.05   ,长沙,293页     ,I247.5,1,0,1,37.12,Literature
古都,9787573502353,49.0,(日)川端康成著,南海出版公司,2022,海口,330页,I313.45,1,0,1,129.93,Literature
古都.5,9787220128165,49.6,（日）川端康成著,四川人民出版社,2023,成都,241页,I313.45,1,0,1,,Literature
叶卡捷琳娜大帝与波将金 ：全2册.1,9787522813684,99.0,（英）西蒙.赛巴格.蒙蒂菲奥里著 ,社会科学文献出版社 ,2023,北京 ,"2册(12,1005页) ",K835.120.9,4,2,6,51.39,Social Sciences
叶卡捷琳娜大帝与波将金 ：全2册.2,9787522813684,99.0,（英）西蒙.赛巴格.蒙蒂菲奥里著 ,社会科学文献出版社 ,2023,北京 ,"2册(12,1005页) ",K835.120.9,3,1,4,51.39,Social Sciences
周易家居环境调理,9787802143975,49.0,李计忠,团结出版社,2010,北京,327页,B221.5,1,0,1,,General / Misc
周易教程,9787100187084,98.0,周山著,商务印书馆,2020,北京,"14,508页",B221.5,1,0,1,,General / Misc
周易简释 ,9787559652669,98.0,余秋雨(1946~) 著, 北京联合出版公司, 2021,北京 ,"247,40页 ",B221.5,1,0,1,,General / Misc
哈佛经济学笔记 ,9787539938608,42.0,陈晋 (女) 著, 江苏文艺出版社, 2010,南京 ,288页 ,F0-49,2,0,2,42.99,Social Sciences
哈利·波特与历史,9787500170969,68.0,（法）里多诺著,中译出版社,2022,北京,229页,I561.078,1,0,1,38.25,Literature
哲学之树 : 通往自我认知的哲学课,9787108069306,59.0,"(美)庞思奋 (Palmquist, Stephen R.) 著",生活·读书·新知三联书店,2022,北京,"15,392页 : 图",B,0,0,0,,General / Misc
哲学思想录,9787532785186,48.0,（法）狄德罗著,上海译文出版社有限公司,2021,上海,"41,154页",B565.28,0,0,0,,General / Misc
哲学的故事,9787513306331,49.0,"(美)杜兰特著,张程程译",新星出版社,2013.04   ,北京,420页     ,B1,0,0,0,,General / Misc
唐诗宋词,9787508547206,68.0,杜爱萍著,五洲传播出版社,2022,北京,249页,I207.2,0,0,0,,Literature
商业海报设计,9787302613329,69.8,屈正庚著,清华大学出版社,2022,北京,165页,J524.3,1,0,1,,Arts
国富论,9787100108843,148.0,（英）亚当·斯密著,商务印书馆,2015,北京,920页,F091.33,0,0,0,,Social Sciences
国际文凭大学预科项目中文A课程文学术语手册,9789620440151,95.0,董宁著,三联书店(香港)有限公司,2016      ,香港,309页     ,IB-1-CH-1,1,0,1,,Literature
图解行为经济学中的思维陷阱,9787504699879,69.0,波波工作室著,中国科学技术出版社,2023,北京,170页,F069.9-64,2,0,2,19.43,Social Sciences
國際文憑大學預科項目中文A語言與文學課程學習指導——文学卷(简体版),9789620433641,141.3,禹慧灵编著,三联书店(香港)有限公司,2013.3    ,香港,265页     ,IB-1-CH-1,1,0,1,11.06,Literature
國際文憑大學預科項目中文A語言與文學課程學習指導——评估卷(简体版),9789620433641,141.3,禹慧灵编著,三联书店(香港)有限公司,2013.3    ,香港,461页     ,IB-1-CH-1,1,0,1,,Literature
國際文憑大學預科項目中文A語言與文學課程學習指導——语言卷(简体版),9789620433641,141.3,禹慧灵编著,三联书店(香港)有限公司,2013.3    ,香港,132页     ,IB-1-CH-1,1,0,1,,Literature
在轮下,9787532780822,98.0,（德）黑塞著,上海译文出版社,2019.4,上海,202页,I516.15,1,0,1,43.03,Literature
地狱之行:1914-1949,9787508683003,89.0,(英)克肖著;林华译,中信出版社,2019.01   ,北京,588页     ,K505,1,0,1,165.98,Social Sciences
基因：不平等的遗传,9787508680743,58.0,"(美)道尔顿·康利 (Conley, Dalton) 著", 中信出版集团股份有限公司, 2018,北京 ,360页 ,Q343.1-49,1,1,2,73.03,Science
大象的证词,9787513338134,42.0,（英）克里斯蒂著,新星出版社,2022,北京,204页,I561.45,1,0,1,33.87,Literature
奥斯曼之影 : 塞利姆的土耳其帝国与现代世界的形成,9787521735765,118.0,"(美)阿兰·米哈伊尔 (Mikhail, Alan 1979~) 著",中信出版社,2021,北京,"14,578页 : 图，地图",K374.3,0,0,0,,Social Sciences
女书规范字书法字帖,9787302467052,69.8,赵丽明 著,清华大学出版社 ,2017,北京 ,202页 ,J292.1,2,1,3,48.96,Arts
女性影像手册,9787532181759,49.0,张屏瑾著,上海文艺出版社,2022,上海,195页,J905-53,1,0,1,,Arts
她之所以为她,9787521749571,69.0,(法)加西亚,中信出版集团股份有限公司,2023,北京,"11,228页",C913.68,1,0,1,,General / Misc
她们的传奇 ：率性而为的女性们,9787505751767,138.0,"(法)佩内洛普·芭桔 (Bagieu, Penelope) 编绘", 中国友谊出版公司, 2021,北京 ,303页 : 彩图 ,K818.5,0,0,0,,Social Sciences
好好告别,9787572502583,79.9,（英）曼尼克斯著,河南科学技术出版社,2021,郑州,"11,327页",I712.55,1,1,2,46.05,Literature
如何做一个领导者,9787547320198,55.0,（古罗马）普鲁塔克著,东方出版中心,2022,上海,"11,143页",C933,1,0,1,,General / Misc
如何写影评（插图修订第8版）,9787559614452,45.0,"(美)蒂莫西·J. 科里根 (Corrigan, Timothy J.) 著", 北京联合出版公司, 2018,北京 ,"17,195页 ",J905,2,0,2,74.1,Arts
如何制作音乐剧 ,9787552310375,30.0,"(英)马修·怀特 (White, Matthew) 著", 上海音乐出版社, 2016,上海 ,119页 ,J832,0,0,0,,Arts
如何听爵士 ,9787550287327,45.0,"(美)特德·焦亚 (Gioia, Ted) 著", 北京联合出版公司, 2018,北京 ,248页 ,J609.15,2,1,3,117.03,Arts
如何屠龙：中世纪英雄冒险指南,9787559668684,88.0,(美)凯特琳·史蒂文森 ,北京联合出版公司 ,2023,北京 ,"17,222页 ",K109,0,0,0,,Social Sciences
如何解读中世纪艺术,9787535691828,78.0,"(美)温迪·A. 斯坦 (Stein, Wendy A.) 著",湖南美术出版社,2020,长沙,135页 : 彩图,J150.093,1,0,1,,Arts
"如果在冬夜,一个旅人",9787544722292,58.0,(意)卡尔维诺著;萧天佑译,译林出版社,2016.12   ,南京,300页     ,I546.45,1,0,1,56.83,Literature
妇女、家庭与法律实践,9787559843937,68.0,赵刘洋,广西师范大学出版社,2021,桂林,283页,D929.49,1,0,1,,Social Sciences
存在主义咖啡馆:自由、存在和杏子鸡尾酒,9787559610782,88.0,(美)贝克韦尔,北京联合出版公司,2018.01   ,北京,563页     ,B085,1,0,1,78.02,General / Misc
宏观经济学 ,9787300276311,79.0,"(美)N. 格里高利·曼昆 (Mankiw, N. Gregory) 著", 中国人民大学出版社, 2020,北京 ,454页 ,F015,1,0,1,128.8,Social Sciences
对称与不对称 ,9787521727531,52.0,"(美)李政道 (Lee,Tsung-Dao 1926.11~) 著", 中信出版集团股份有限公司, 2021,北京 ,193页 : 图 ,O342,1,0,1,7.93,Science
射雕英雄传 .一,9787546213347,36.0,金庸 (1924~2018) 著, 广州出版社, 2013,广州 ,4册(1383页) : 图 ,I247.5,0,0,0,,Literature
小姨多鹤 ,9787506390507,29.0,(美)严歌苓 (女， 1958~) 著, 作家出版社, 2016,北京 ,321页 ,I247.5,1,0,1,,Literature
小岛经济学,9787508672960,48.0,(美)彼得著;胡晓姣译,中信出版社,2017.03   ,北京,298页     ,F0-49,1,0,1,40.83,Social Sciences
小径分岔的花园,9787532762897,35.0,(阿根廷)博尔赫斯著;王永年译,上海译文出版社,2015.11   ,上海,99页      ,I783.45,2,1,3,36.1,Literature
小说课,9787020156894,49.0,毕飞宇著,人民文学出版社,2020,北京,237页,I106.4,1,0,1,,Literature
局外人,9787532751471,22.0,(法)加缪著;柳鸣九译,上海译文出版社,2015.04   ,上海,128页     ,I565.45,1,0,1,66.8,Literature
山音,9787544265027,49.0,(日)川端康成 (1899~1972) 著,南海出版公司,2013,海口,259页,I313.45,1,1,2,,Literature
崩溃 -社会如何选择成败兴亡,9787532755127,68.0,"(美)戴蒙德 (Diamond, Jared) 著", 上海译文出版社, 2011,上海 ,"25,659页 : 图，照片 ",K02,0,0,0,,Social Sciences
巨流河,9787108056184,79.0,齐邦媛著,生活·读书·新知三联书店,2016,北京,398页,I247.5,2,0,2,1.82,Literature
巴黎圣母院,9787020137404,45.0,雨果著;陈敬容译,人民文学出版社,2018      ,北京,523页     ,I565.44,2,0,2,,Literature
希望之线,9787544262705,59.0,（日）东野圭吾著,南海出版公司,2021,海口,294页,I313.45,2,0,2,21.7,Literature
希腊前的哲学,9787100187718,75.0,（美）米罗普著,商务印书馆,2020,北京,320页,B302,1,0,1,51.93,General / Misc
平凡的世界 .第一部,9787530221396,46.0,路遥著,北京十月文艺出版社,2021,北京,428,I247.5,1,0,1,25.61,Literature
广东,9787520420105,79.0,澳大利亚Lonely Planet公司著,中国地图出版社,2020,北京,357页,K928.965,1,0,1,,Social Sciences
康德哲学讲演录,9787100185431,56.0,邓晓芒著,商务印书馆,2020,北京,336页,B516.31,0,0,0,,General / Misc
建筑与文化,9787513565202,20.0,（英）巴兰坦 著,外语教学与研究出版社 ,2015,北京 ,193页 ,TU-861,1,0,1,,Science
弃长安,9787545566062,68.0,张明扬著,天地出版社,2022,成都,312页,K242.205,0,0,0,,Social Sciences
弦理论,9787562490234,29.0,(美)古布泽著,重庆大学出版社,2017.05   ,重庆,222页     ,O41,1,0,1,61.1,Science
微积分的力量,9787521723298,69.0,"(美)史蒂夫·斯托加茨 (Strogatz, Steven) 著",中信出版社,2021,北京,371页；图,O172-49,1,0,1,14.89,Science
德国简史,9787544286107,35.0,（美）帕米利著,南海出版公司,2018,海口,196页,K516.09,1,0,1,165.98,Social Sciences
心流:最优体验心理学,9787508675534,49.0,(美)契克森米哈赖著;张定绮译,中信出版社,2017.12   ,北京,381页     ,B84-49,0,0,0,,General / Misc
快乐的死,9787532168750,39.0,"(法)阿尔贝·加缪 (Camus, Albert 1913~1960) 著",上海文艺出版社,2019,上海,149页,I565.45,1,0,1,70.8,Literature
"思考,快与慢",9787508633558,69.0,"(美)卡尼曼著,李爱民,何梦莹译",中信出版社,2016.06   ,北京,424页     ,F069.9-49,2,0,2,47.43,Social Sciences
怪诞行为学,9787508680965,48.0,(美)艾瑞里著,中信出版社,2017,北京,"28,325页",F069.9-49,1,0,1,38.86,Social Sciences
"怪诞行为学. 2, 非理性的积极力量",9787508681436,45.0,"(美)丹·艾瑞里 (Ariely, Dan) 著",中信出版集团股份有限公司,2017,北京,"18,250页",F069.9,2,1,3,40.83,Social Sciences
"怪诞行为学. 3, 非理性的你",9787508680972,42.0,"(美)丹·艾瑞里 (Ariely, Dan) 著",中信出版集团股份有限公司,2017,北京,231页 : 图,F069.9,1,0,1,4.98,Social Sciences
"怪诞行为学. 4, 诚实的真相",9787508681481,45.0,"(美)丹·艾瑞里 (Ariely, Dan) 著",中信出版集团股份有限公司,2017,北京,"28,222页",F069.9,1,0,1,24.08,Social Sciences
"怪诞行为学. 6, 非凡的决定",9787521711981,49.0,"(美)丹·艾瑞里 (Ariely, Dan) 著",中信出版集团股份有限公司,2019,北京,200页 : 图,F069.9,1,0,1,38.86,Social Sciences
总结：毛姆创作生涯回忆录,9787532785520,52.0,（英）毛姆著,上海译文出版社有限公司,2021,上海,285页,I561.55,1,0,1,,Literature
情书,9787544292870,45.0,(日)岩井俊二著,南海出版公司,2018,海口,180页,I313.45,1,0,1,,Literature
惜别,9787559457493,52.0,(日)太宰治著,江苏凤凰文艺出版社,2021,南京,242页,I313.45,1,1,2,,Literature
想呀想呀想不停,9787555024941,49.8,（日）吉竹伸介著,海峡文艺出版社,2020 2021重印,福州,121页,I313.65,1,0,1,,Literature
想象的共同体 : 民族主义的起源与散布,9787208138490,58.0,"(美)本尼迪克特·安德森 (Anderson, Benedict 1936~) 著",上海人民出版社,2016,上海,"15,20,263页",D091.5,1,0,1,,Social Sciences
成为波伏瓦 ,9787521723427,78.0,"(英)凯特·柯克帕特里克 (Kirkpatrick, Kate 1984~) 著", 中信出版集团股份有限公司, 2021,北京 ,427页 : 照片 ,K835.655.6,0,0,0,,Social Sciences
我们为什么爱音乐 ,9787573902740,58.0,(美)莱维廷著,浙江科学技术出版社,2023,杭州,374页 : 图,B849,2,1,3,117.03,General / Misc
我是猫,9787532752645,38.0,(日)夏目漱石著,上海译文出版社,2011,上海,407页,I313.44,0,0,0,,Literature
战争中没有女性,9787521717808,69.0,"(白俄)S. A. 阿列克谢耶维奇 (Алекс?ев?ч, СвятланаАляксандра?на 1948~) 著",中信出版社,2021,北京,421页,I511.45,2,1,3,97.25,Literature
才女之累：李清照及其接受史,9787532582112,78.0,"(美)艾朗诺 (Egan, Ronald C.) 著", 上海古籍出版社, 2017,上海 ,363页 ,I207.23,1,0,1,56.0,Literature
拉斐尔：柔美与和谐,9787559631282,98.0,(法)西尔维·吉拉尔－拉戈斯 著, 北京联合出版公司, 2019,北京 ,111页 : 彩图 ,J205.546,1,0,1,8.26,Arts
拍电影时我在想的事 ,9787544294041,88.0,(日)是枝裕和 (1962~) 著, 南海出版公司, 2018,海口 ,354页 : 图，照片 ,I313.65,1,1,2,,Literature
拼贴城市 Collage city,9787560898292,128.0,罗,同济大学出版社,2021,上海,367 ,TU-021,1,0,1,74.1,Science
拿起就放不下的经济学,9787502854911,68.0,张江生著,地震出版社,2023,北京,303页,F0-49,1,0,1,4.98,Social Sciences
推拿,9787020164257,59.0,毕飞宇著,人民文学出版社,2008 2022印,北京,290页,I247.5,1,0,1,,Literature
数学珍宝集,9787519295998,59.0,（美）安德烈埃斯库著,世界图书出版有限公司北京分公司,2022,北京,253页,O1-44,1,0,1,,Science
文学批评入门,9787576004441,54.0,汤拥华 (1976~) 著,华东师范大学出版社,2020,上海,300页,I06,1,0,1,,Literature
文学术语词典,9787301249987,138.0,(美)艾布拉姆斯著;吴松江译,北京大学出版社,2014.10   ,北京,865页     ,I-61,1,0,1,61.78,Literature
文学理论入门,9787544729666,39.0,(美)卡勒著;李平译,译林出版社,2013.01   ,南京,143页     ,I0,1,0,1,165.1,Literature
文明的崩塌:公元前1177年的地中海世界,9787508691183,58.0,(美)克莱因著;贾磊译,中信出版社,2018.11   ,北京,317页     ,K12,0,0,0,,Social Sciences
新艺术的自然与曲线,9787552029864,178.0,心安工作室著,上海社会科学院出版社,2020,上海,427页,J509.1,1,0,1,,Arts
新迁移,9787500172048,98.0,康纳,中译出版社,2023,北京,360页,C924.1,1,0,1,,General / Misc
无依之地,9787559433022,39.0,（美）布鲁德著,江苏凤凰文艺出版社,2019,南京,326页,D771.28,3,0,3,84.0,Social Sciences
无影犯人,9787533966645,56.0,(日)坂口安吾著,浙江文艺出版社,2022,杭州,336页,I313.45,0,0,0,,Literature
无用的神学,9787559850850,88.0,夏可君著,广西师范大学出版社,2022,桂林,608页,B1-03,1,0,1,0.02,General / Misc
无神话，不艺术！,9787547743270,198.0,（英）戴尔著,北京日报出版社,2022,北京,352页,J051,1,0,1,8.26,Arts
日军“慰安妇”研究,9787512636217,68.0,苏智良著,团结出版社,2015 2021重印,北京,376页,K313.46,3,2,5,56.98,Social Sciences
日本之镜,9787542662019,69.0,（荷）布鲁玛,上海三联书店,2018,上海,297页,G131.3,1,0,1,,General / Misc
日本近代思想史,9787513938990,58.0,鹿野政直著,民主与建设出版社有限责任公司,2022,北京,316页,B313.4,1,1,2,59.1,General / Misc
时尚中的数学 ,9787030567475,49.0,(美)西蒙斯 (数学) 著, 科学出版社, 2018,北京 ,62页 : 彩图，彩照 ,O1-49,1,0,1,,Science
普林斯顿微积分读本,9787115435590,99.0,"(美)班纳 (Banner, Adrian ) 著",人民邮电出版社,2016,北京,648页,O172,0,0,0,,Science
曹禺戏剧选 ,9787530221020,69.8,曹禺 (1910~1996) 著, 北京十月文艺出版社, 2021,北京 ,598页 ,I234,0,0,0,,Literature
月亮和六便士,9787538754858,27.0,(英)毛姆著 苏福忠译,时代文艺出版社,2017.09   ,长春,256页     ,I561.45,1,0,1,5.63,Literature
本巴,9787544787932,59.0,刘亮程著,译林出版社,2022,南京,319页,I247.5,1,0,1,1.92,Literature
杀死一只知更鸟,9787544766500,58.0,(美)李著,译林出版社,2017(2019.1重印),南京,,I712.45,3,1,4,94.58,Literature
权力精英 ,9787569915006,78.0,"(美)C. 赖特·米尔斯 (Mills, Chales Wright 1916~1962) 著", 北京时代华文书局, 2019,北京 ,"10,401页 : 照片 ",D771.261,3,0,3,84.0,Social Sciences
查拉图斯特拉如是说,9787532787067,58.0,(德)尼采著　黄明嘉译,上海译文出版社,2021,上海,411,B516.47,0,0,0,,General / Misc
树犹如此,9787549563517,68.0,白先勇著,广西师范大学出版社,2015.03   ,桂林,392页     ,I267,1,0,1,6.96,Literature
棋王树王孩子王 ,9787539990583,38.0,阿城 (1949~) 著, 江苏凤凰文艺出版社, 2016,南京 ,179页 : 照片 ,I247.57,1,0,1,56.0,Literature
橘子不是唯一的水果,9787559614711,49.0,(英)温特森著;于是译,北京联合出版公司,2018.04   ,北京,259页     ,I561.4,0,0,0,,Literature
檀香刑,9787533946647,56.0,莫言著,浙江文艺出版社,2017.1,杭州,418页,I247.5,1,0,1,30.79,Literature
歌剧,9787807680307,43.0,（英）佩蒂特著,生活·读书·新知三联书店,2014,北京,144页,J809.1,0,0,0,,Arts
武曌,9787520121521,59.0,（美）罗汉著,社会科学文献出版社,2018,北京,"10,264页",K827,1,1,2,6.99,Social Sciences
民国太太的厨房 ,9787508664163,52.0,李舒 (女，新闻学) 著, 中信出版集团股份有限公司, 2016,北京 ,244页 : 图，地图 ,I247.8,1,0,1,,Literature
汪曾祺小说集. 鸡鸭名家 ,9787538756388,38.0,汪曾祺 (1920~1997) 著, 时代文艺出版社, 2018,长春 ,372页 ,I247,1,0,1,,Literature
"汪曾祺散文集, 人间知味 ",9787538756579,38.0,汪曾祺 (1920~1997) 著, 时代文艺出版社, 2018,长春 ,361页 : 彩图 ,I267,1,0,1,,Literature
沉默的大多数,9787530220368,59.0,王小波著,北京十月文艺出版社,2021,北京,227页,I267.1,1,0,1,90.27,Literature
法兰西宗教战争,9787507554588,92.0,（英）阿姆斯特朗著,华文出版社,2021,北京,354页,B929.565,0,0,0,,General / Misc
法律,9787544755054,39.0,(英)瓦克斯著;殷源源译,译林出版社,2016.04   ,南京,167页     ,D90,3,0,3,84.0,Social Sciences
波提切利：优雅栖身,9787559631299,98.0,(法)米里耶勒·内沃 著, 北京联合出版公司, 2019,北京 ,111页 : 彩图 ,J205.546,1,0,1,8.26,Arts
流浪地球2 电影制作手记,9787521749724,122.0,朔方 主编 编著,中信出版集团股份有限公司,2023,北京,475页 : 图，照片,J905.2,0,0,0,,Arts
浮出历史地表 : 现代妇女文学研究,9787301293577,59.0,孟悦 (1956~) 著,北京大学出版社,2018,北京,291页,I206.7,1,0,1,20.64,Literature
浮士德,9787532752607,78.0,歌德,上海译文出版社,2011,上海,"18,10,562页",I516.34,5,0,5,129.14,Literature
海明威文集(12),9787532781584,66.0,（美）海明威著,上海译文出版社有限公司,2019,上海,250页,I712.15,1,0,1,83.0,Literature
海明威文集(13),9787532781584,66.0,（美）海明威著,上海译文出版社有限公司,2019,上海,218页,I712.15,1,0,1,170.99,Literature
海明威文集(14),9787532781584,66.0,（美）海明威著,上海译文出版社有限公司,2019,上海,180页,I712.15,1,0,1,12.98,Literature
海明威文集(15),9787532781584,66.0,（美）海明威著,上海译文出版社有限公司,2019,上海,326页,I712.15,1,0,1,12.98,Literature
海明威文集(9),9787532781584,66.0,（美）海明威著,上海译文出版社有限公司,2019,上海,153页,I712.15,1,0,1,12.98,Literature
深度学习 ,9787115461476,168.0,"(美)伊恩·古德费洛 (Goodfellow, Ian) 著", 人民邮电出版社, 2017,北京 ,"10,500页 ",TP181,2,1,3,50.72,Science
清末民国人口贩卖与家庭生活,9787208170841,89.0,任思梅著,上海人民出版社,2022,上海,427页,D693.98,1,0,1,,Social Sciences
灿烂千阳,9787208072107,49.0,"(美)胡赛尼 (Hosseini, Khaled 1965~) 著", 上海人民出版社, 2007,上海,428页 ,I712.45,1,0,1,,Literature
爱弥儿 .上卷,9787100132237,49.5,"(法)卢梭 (Rousseau, Jean-Jacques 1712~1778) 著", 商务印书馆, 2017,北京 ,2册(897页) ,G40-095.65,1,0,1,,General / Misc
爱弥儿 .下卷,9787100132237,49.5,"(法)卢梭 (Rousseau, Jean-Jacques 1712~1778) 著", 商务印书馆, 2017,北京 ,2册(897页) ,G40-095.65,1,0,1,,General / Misc
牛奶可乐经济学,9787550292505,49.9,(美)弗兰克著;闾佳译,北京联合出版公司,2017.01   ,北京,230页     ,F0-49,0,0,0,,Social Sciences
牛奶可乐经济学 2,9787550292512,49.9,(美)罗伯特·弗兰克(Robert H. Frank)著 ,北京联合出版公司,2017,北京,248页,F0-49,2,1,3,63.99,Social Sciences
牛奶可乐经济学 4,9787213094842,69.9,(美)罗伯特·弗兰克(Robert H. Frank)著,浙江人民出版社,2020,杭州,268页,F0-49,1,0,1,41.84,Social Sciences
牛奶可乐经济学3,9787550297715,49.9,(美)罗伯特·弗兰克 著,北京联合出版公司,2017.1,北京,226页,F0-49,1,0,1,38.89,Social Sciences
王氏之死 : 大历史背后的小人物命运,9787549506897,56.0,"(美)史景迁 (Spence, Jonathan D. 1936~2021) 著",广西师范大学出版社,2011,桂林,"17,189页 : 图",D691.9,2,1,3,66.4,Social Sciences
现代拉丁美洲文学,9787544781015,39.0,(美)埃切维里亚著,译林出版社,2020,南京,126页 : 图，地图,I730.65,2,0,2,43.86,Literature
现代日本 ,9787544742382,39.0,"英 戈托-琼斯 Goto-Janes, C.(著)",南京 译林出版社 2014,2014,南京,147照片 ,K931.3,1,0,1,,Social Sciences
现代生活的画像：马奈及其追随者艺术中的巴黎,9787534459030,79.0,"(英)T. J. 克拉克 (Clark, T. J. 1943~) 著", 江苏美术出版社, 2013,南京 ,503页 : 图，照片 ,J205.1,1,0,1,22.79,Arts
生而为女,9787572610011,68.0,(英)鲁本霍德著,湖南文艺出版社,2023,长沙,355页,I712.55,0,0,0,,Literature
略萨谈博尔赫斯 : 与博尔赫斯在一起的半个世纪,9787020173686,50.0,"(秘)马里奥·巴尔加斯·略萨 (Vargas Liosa, Mario 1936~) 著",人民文学出版社,2022,北京,112页,I783.065,1,0,1,6.87,Literature
白夜行,9787544291163,59.6,(日)东野圭吾著,南海出版公司,2017.07   ,海口,598页     ,I313.45,1,0,1,0.05,Literature
白杨木的春天,9787555910411,35.0,吕新著,照片,2020,郑州,222页,I247.5,1,0,1,2.88,Literature
百鬼夜行 : 全画集,9787547048290,68.0,(日)鸟山石燕 (1712~1788) 绘,万卷出版公司,2018,沈阳,301页,J231,1,0,1,,Arts
直到时间的尽头,9787573008459,79.0,（美）格林著,海南出版社,2023,海口,513页,O4,1,0,1,,Science
社会心理学,9787115410047,128.0,(美)迈尔斯著;侯玉波译,人民邮电出版社,2016.08   ,北京,707页     ,C912.6,2,0,2,46.71,General / Misc
社会的麦当劳化,9787300312590,59.0,（美）里茨尔著,中国人民大学出版社,2023,北京,370页,C91,1,0,1,,General / Misc
神曲,9787532752522,42.0,（意）但丁著,上海译文出版社,2011,上海,695页,I546.23,1,0,1,,Literature
神经漫游者,9787539951331,32.0,(美)吉布森著,江苏文艺出版社,2013.08   ,南京,325页     ,I712.45,1,0,1,32.8,Literature
秋园 ,9787559640666,38.0,杨本芬 (女， 1940-) 著, 北京联合出版公司, 2020,北京 ,264页 ,I247.5,2,0,2,2.6,Literature
种在走廊上的苹果树,9787224138122,35.0,残雪 ,陕西人民出版社 ,2020,西安 ,168页 ,I247.5,1,0,1,8.79,Literature
科学发现的逻辑 ,9787810836074,60.0,"(英)波普尔 (Popper, Karl Raimund 1902~1994) 著", 中国美术学院出版社, 2008,杭州 ,"18,483页 ",N02,1,0,1,,General / Misc
科学哲学,9787544732765,39.0,"(英)奥卡沙著,韩广忠译",译林出版社,2015.11   ,南京,139页     ,N02,1,0,1,110.96,General / Misc
穆夏：新艺术大师,9787559633620,98.0,(法)法比耶纳·艾丽斯 (Biena Alice) 著, 北京联合出版公司, 2019,北京 ,111页 : 图 ,J205.514,1,0,1,1.01,Arts
穆斯林的葬礼,9787530222362,68.0,霍达著,北京十月文艺出版社,2022,北京,620页,I247.5,4,1,5,26.67,Literature
穷人的理财经 ,9787547312230,45.0,"(美)默多克 (Morduch, Jonathan) 著", 东方出版中心, 2018,上海 ,293页 ,F830.59,1,0,1,112.25,Social Sciences
空海,9787571015473,88.0,（意）佩里西著,湖南科学技术出版社,2022,长沙,"23,317页",P74,0,0,0,,General / Misc
窄门,9787568287500,33.0,(法）纪德著,北京理工大学出版社有限责任公司,2021,北京,180页,I565.45,1,0,1,26.95,Literature
站城一体开发.II：TOD46的魅力,9787559111760,120.0,日建设计站城一体开发研究会,辽宁科学技术出版社,2019,沈阳,207 ,TU984.313,1,0,1,,Science
第一哲学沉思录,9787532788446,78.0,（法）笛卡尔著,上海译文出版社有限公司,2022,上海,174页,B565.21,1,0,1,165.98,General / Misc
第三个女郎,9787513321259,39.0,（英）克里斯蒂著,新星出版社,2018.4,,261,I561.45,2,0,2,90.27,Literature
第三帝国,9787570210817,39.0,（英）伯利著,长江文艺出版社,2020,武汉,446页,K516.44,3,2,5,48.96,Social Sciences
第二性 Ⅱ,9787532749676,68.0,(法)波伏瓦著;郑克鲁译,上海译文出版社,2011.09   ,上海,614页     ,C913.68,1,0,1,20.85,General / Misc
第十一根手指,9787559639486,48.0,法医秦明著,北京联合出版公司,2020,北京,300页,I247.5,0,0,0,,Literature
简单统计学,9787210098416,58.0,(美)史密斯著;刘清山译,江西人民出版社,2018.01   ,南昌,365页     ,C8,0,0,0,,General / Misc
粒子物理论,9787111543428,89.0,(美)大卫著;王青译,机械工业出版社,2016.10   ,北京,353页     ,O572.2,3,0,3,17.56,Science
索拉里斯星 ,9787544782173,49.0,"(波)斯坦尼斯瓦夫·莱姆(Lem, Stanislaw) 著", 译林出版社, 2021,南京 ,254页 ,I513.45,1,0,1,70.74,Literature
红与黑,9787532751228,35.0,(法)司汤达著,上海译文出版社,2010,上海,"18,537页",I565.44,1,0,1,,Literature
纳博科夫文学讲稿三种·唐吉坷德讲稿,9787532778423,90.0,(美)纳博科夫著,上海译文出版社,2018.08   ,上海,287页     ,I106,1,1,2,57.19,Literature
"经济学原理, 微观经济学分册 ",9787301256909,72.0,"(美)曼昆 (Mankiw, N. Gregory) 著", 北京大学出版社, 2015,北京 ,"10,543页 : 图，照片 ",F0,1,0,1,128.8,Social Sciences
经济学的世界 ,9787121367113,128.0,"(英)泰吉万·帕丁格 (Pettinger, Tejvan) 著", 电子工业出版社, 2019,北京 ,320页 : 图，照片 ,F0-49,1,0,1,38.86,Social Sciences
给青年的二十七堂文学课,9787513136891,39.8,叶圣陶著,开明出版社,2017.10   ,北京,204页     ,I-49,1,0,1,165.1,Literature
维特根斯坦与《逻辑哲学论》,9787559851833,108.0,（英）莫里斯著,广西师范大学出版社,2022,桂林,520页,B561.59,1,0,1,86.99,General / Misc
罗素 ,9787108067081,32.0,"(英)罗宾逊 (Robinson, David) 文", 生活·读书·新知三联书店, 2020,北京 ,177页 : 图 ,B561.54,1,0,1,86.99,General / Misc
罪与罚,9787532778188,41.0,(俄)陀思妥耶夫斯基著,上海译文出版社,2018.08   ,上海,532页     ,I512.44,1,0,1,86.18,Literature
置身事内 ,9787208171336,65.0,兰小欢著, 上海人民出版社, 2021,上海 ,330页 ,D630.1,0,0,0,,Social Sciences
美国,9787520412025,198.0,澳大利亚Lonely Planet公司著,中国地图出版社,2019,北京,1343页,K971.29,0,0,0,,Social Sciences
美术与世界,9787569323924,59.8,周利明,西安交通大学出版社,2022,西安,352页,J1,1,0,1,22.79,Arts
耶鲁大学公开课,9787550238954,39.8,(美)史密斯著,北京联合出版公司,2015.02   ,北京,299页     ,D0,3,0,3,84.0,Social Sciences
脑研究的新大陆：一位德国工程师与一位中国科学家之间的对话,9787544490207,68.0,顾凡及 著, 上海教育出版社有限公司, 2019,上海 ,"168,147页 : 图 ",Q983,1,0,1,,Science
脑髓地狱,9787547057827,78.0,(日) 梦野久作著, 万卷出版公司 ,2022.1,沈阳,379页,I313.45,1,1,2,,Literature
腓特烈大王 ,9787559831323,29.0,"(德)约翰内斯·库尼施 (Kunisch ,Johannes) 著", 广西师范大学出版社, 2021,桂林 ,149页 : 图 ,K516.42,1,1,2,6.95,Social Sciences
自我的探寻,9787559664518,49.0,戴军著,北京联合出版公司,2022,北京,208页,B84-065,1,1,2,,General / Misc
舞台灯光设计概要,9787104020578,46.0,冯德仲著,中国戏剧出版社,2007.08   ,北京,200页     ,J814.4,1,0,1,30.56,Arts
色情,9787305209062,72.0,（法）巴塔耶著,南京大学出版社,2019,南京,442页,B0,1,0,1,174.92,General / Misc
苏菲的世界,9787506390903,58.0,(挪)贾德著;萧宝森译,作家出版社,2017.03   ,北京,520页     ,I533.45,0,0,0,,Literature
荷马史诗·奥德赛,9787020158287,59.0,（古希腊）荷马著,人民文学出版社,1997 2020印,北京,560页,I545.22,0,0,0,,Literature
荷马笔下的诸神与人类德行,9787522204079,89.0,（美）阿伦斯多夫著,华夏出版社有限公司,2023,北京,321页,B502,0,0,0,,General / Misc
营销管理,9787521742213,158.0,"科特勒 (Kotler, Philip) (Kotler, Philip)(著);凯勒 (Keller, Kevin Lane) (Keller, Kevin Lane)(著);切尔内夫 (Chernev, Alexander) (Chernev, Alexander)(著)",北京中信出版集团股份有限公司2022,2022,北京,"27,666图 ",F713.56,1,0,1,105.93,Social Sciences
蓝,9787559659132,48.0,（美）尼尔森著,北京联合出版公司,2022,北京,167页,I712.65,0,0,0,,Literature
蓝色列车之谜,9787513338097,42.0,（英）克里斯蒂著,新星出版社,2022,北京,278页,I561.45,0,0,0,,Literature
藏地密码,9787559429438,49.99,何马著, 江苏凤凰文艺出版社, 2018,南京 ,285页 ,I247.5,0,0,0,,Literature
西南联大哲学课,9787545558371,58.0,冯友兰 (1895~1990) 著,天地出版社,2021,成都,370页 : 图，照片,B2,0,0,0,,General / Misc
西南联大诗词课,9787545565836,58.0,闻一多 (1899~1946) 著,天地出版社,2021,成都,378页 : 照片,I207.2,2,0,2,130.02,Literature
西班牙史,9787553513720,29.8,伯尔奈克,上海文化出版社,2019,上海,187页,K551,1,0,1,21.62,Social Sciences
西西弗神话:散论荒诞,9787532775859,32.0,(法)加缪著　沈志明译,译文出版社,2017,上海,160,B565.59,1,0,1,,General / Misc
观云识天 ：英国国家气象局带你读懂天空的表情,9787571402563,69.0,"(英)理查德·哈姆林 (Hamblyn, Richard) 著", 北京科学技术出版社, 2021,北京 ,"12,139页 : 彩图 ",P426.5,0,0,0,,General / Misc
许子东现代文学课,9787542662583,69.0,许子东 (1954~) 著,上海三联书店,2018,上海,425页,I209.6,1,0,1,,Literature
论灵魂,9787100019163,29.0,（阿拉伯）伊本.西那著,商务印书馆 ,1963 1995重印,北京 ,"32,287页 ",B371,1,0,1,,General / Misc
论自由,9787502055394,35.0,（英）密尔著,煤炭工业出版社,2017,北京,274页,D081,1,0,1,,Social Sciences
语法修辞讲话,9787100092388,58.0,吕叔湘著,商务印书馆,2013,北京,416页,H14,1,0,1,52.69,Language
费曼经典 : 一个好奇的探险人生,9787559661272,108.0,"(美)理查德·P.费曼(Feynman, Richard P. )著",北京联合出版公司,2022,北京,556页,K837.126.11,0,0,0,,Social Sciences
走近艺术史,9787513564847,20.0,（英）阿诺德著 ,外语教学与研究出版社 ,2015,北京 ,"16,175页 ",J110.9,1,0,1,,Arts
转角遇见社会学,9787301322116,69.0,（加）约翰斯顿著,北京大学出版社,2021,北京,"12,412页",C91,1,0,1,,General / Misc
达·芬奇密码,9787020126132,75.0,(美)布朗著,人民文学出版社,2017      ,北京,439页     ,I712.45,1,0,1,43.03,Literature
过往,9787533964337,45.0,艾伟著,浙江文艺出版社,2021,杭州,156页,I247.5,1,0,1,,Literature
这就是社会学,9787545477283,52.0,(日)堀内进之介,广东经济出版社,2021,广州,269,C91,2,0,2,24.15,General / Misc
遮蔽的天空,9787559418371,49.0,(美)鲍尔斯著;阳曦译,江苏凤凰文艺出版社,2018.08   ,南京,370页     ,I712.45,2,0,2,71.08,Literature
都柏林人,9787532773442,32.0,(爱尔兰)乔伊斯著;王逢振译,上海译文出版社,2016.10   ,上海,230页     ,I562.45,1,1,2,57.85,Literature
重症监护室的故事 ,9787544783545,68.0,"(英)马特·摩根(Morgan, Matt) 著",译林出版社, 2021,南京 ,"12,277页 ",R459.7,1,0,1,,General / Misc
金阁寺,9787530218525,49.5,(日)三岛由纪夫著;代珂译,北京十月文艺出版社,2018.10   ,北京,273页     ,I313.45,1,0,1,,Literature
金陵十三钗 ,9787506398541,39.0,(美)严歌苓 (女， 1958~) 著, 作家出版社, 2018,北京 ,206页 ,I712.45,1,0,1,,Literature
钢铁帝国 : 普鲁士的兴衰,9787508679778,88.0,"(英)克里斯托弗·克拉克 (Clark, Christopher 1960~) 著", 中信出版集团股份有限公司, 2018,北京 ,674页 : 地图，图 ,K516.3,1,0,1,165.98,Social Sciences
"银河帝国.1,基地",9787539983295,45.0,(美)阿西莫夫著,江苏凤凰文艺出版社,2015.09   ,南京,277页     ,I712.45,0,0,0,,Literature
银河系搭车客指南.1,9787532764655,53.6,(英)亚当斯著;姚向辉译,上海译文出版社,2014.05   ,上海,279页     ,I561.45,1,0,1,81.98,Literature
镜头的语法 :插图修订第2版,9787550297791,45.0,（英）罗伊·汤普森著 ,北京联合出版公司 ,2017.3,北京 ,189页 ,J931,2,0,2,74.1,Arts
长夜难明,9787572611971,52.0,紫金陈 著,湖南文艺出版社 ,2023,长沙 ,299页 ,I247.5,3,0,3,100.12,Literature
长安的荔枝,9787572608582,45.0,马伯庸著,湖南文艺出版社,2022,长沙,216,I247.5,1,0,1,41.78,Literature
闪光的氰化物,9787513338189,42.0,（英）克里斯蒂著,新星出版社,2022,北京,228页,I561.45,1,0,1,33.87,Literature
阁楼上的疯女人 :女性作家与19世纪文学想象.上,9787208125537,64.0,"(美)吉尔伯特 (女，Gilbert, Sandra M.) 著", 上海人民出版社, 2015,上海 ,"2册(18,43,897页) ",I106,1,0,1,70.8,Literature
阿莱夫,9787532773206,39.0,(阿根廷)博尔赫斯著;王永年等译,上海译文出版社,2017.01   ,上海,203页     ,I783.15,2,1,3,24.09,Literature
雨 ,9787521304459,59.0,"(美)巴内特 (Barnett, Cynthia) 著", 外语教学与研究出版社, 2018,北京 ,390页 ,P426.62,0,0,0,,General / Misc
青之炎,9787532785872,55.0,(日)贵志祐介著　丁丁虫译,上海译文出版社,2021,上海,350,I313.45,1,1,2,,Literature
青梅竹马,9787547055304,39.0,(日) 樋口一叶著,万卷出版公司 ,2021.8,沈阳,260页,I313.44,1,1,2,,Literature
音乐和数学：谜一般的关系,9787547855508,48.0,梁进著,上海科学技术出版社,2022,上海,139,J6,2,1,3,89.0,Arts
音乐心理学,9787030658500,89.0,陈杰著,科学出版社,2020,北京,231页,J60-051,3,1,4,89.0,Arts
额尔古纳河右岸 ,9787020139590,32.0,迟子建 (1964~) 著, 人民文学出版社, 2010,北京 ,266页 ,I247.5,1,0,1,,Literature
颠覆人心的设计 ,9787515367323,98.0,(日) 尾泽早飞编著,中国青年出版社 ,2022,北京,265,J511,0,0,0,,Arts
饺子,9787513311755,49.0,李碧华著,新星出版社,2014.01   ,北京,202页     ,I247.7,1,0,1,27.01,Literature
香水,9787532745449,48.0,(德)聚斯金德著;李清华译,上海译文出版社,2014.02   ,上海,272页     ,I516.45,1,0,1,19.83,Literature
马尾树,9787533961497,56.0,(英)毛姆著,浙江文艺出版社,2021,杭州,238页,I561.45,1,0,1,8.99,Literature
马普尔小姐最后的案件,9787513321440,28.0,（英）克里斯蒂著,新星出版社,2016.5,北京,189页,I561.45,0,0,0,,Literature
骆驼祥子,9787020137756,26.0,老舍著,人民文学出版社,2018      ,北京,243页     ,I246.5,1,0,1,30.79,Literature
魏玛德国：希望与悲剧,9787301311479,80.0,"(美)埃里克·韦茨(Weitz, Eric D.) 著", 北京大学出版社, 2021,北京 ,"13,506页 : 图 ",K516.43,1,0,1,28.78,Social Sciences
魔鬼藏身处,9787544781275,69.0,（英）拉塞尔著,译林出版社,2021,南京,505页,I561.85,0,0,0,,Literature
鱼不存在,9787572607943,59.8,米勒著,湖南文艺出版社,2022,长沙,234页,I712.6,0,0,0,,Literature
鸿沟,9787532159062,75.0,(德)萨顿多夫,上海文艺出版社,2018      ,上海,390页     ,Q958.12-49,2,1,3,41.76,Science
